name,msg,time,link,length,expmsg
Митин Игорь,Одновременно попытка вставки картинки и вопрос.,2000-05-18 15:44:25,https://vif2ne.org/nvk/forum/archive/words/1026?text=,2.54K,"Вопрос всего один - что _ЭТО_ может быть такое? Найдено 2 таких девайса в разное время в разных (относительно) местах. Примерное..."""
Novik,Re: Можно парочку пунктов?,2000-05-18 19:09:52,https://vif2ne.org/nvk/forum/archive/words/1023?text=,2.04K,"Приветствую.>Кстати, тут начал собирать список РЕАЛЬНЫХ ошибок в""Ледоколе"", некоторые действительнго попада..."""
Дилетант,Re: Можно парочку пунктов?,2000-05-18 19:17:01,https://vif2ne.org/nvk/forum/archive/words/1024?text=,2.57K,">Приветствую.>>Кстати, тут начал собирать список РЕАЛЬНЫХ ошибок в""Ледоколе"", некоторые действительнго попа..."""
A. Lee,Кого не устраивает действующая палитра?,2000-05-18 19:42:01,https://vif2ne.org/nvk/forum/archive/words/1098?text=,2.91K,"..."""
A. Lee,Меня устраивает! Ой какая классная палитра!,2000-05-18 19:51:14,https://vif2ne.org/nvk/forum/archive/words/1099?text=,1.90K,"..."""
Novik,Re: Сам себя не похвалишь - никто не похвалит :),2000-05-18 21:49:02,https://vif2ne.org/nvk/forum/archive/words/1100?text=,1.61K,"Ленивец :)..."""
S.Chaban,Несколько замечаний:,2000-05-18 23:05:20,https://vif2ne.org/nvk/forum/archive/words/1000?text=,3.98K,"Привет!- Когда нет новых сообщений при выборе ""Показать только новые"" висит последняя старая ветка. Нельзя ли вместо его..."""
МиГ-31,Re: Меня устраивает! Ой какая классная палитра!,2000-05-19 08:42:25,https://vif2ne.org/nvk/forum/archive/words/1101?text=,1.75K,"Ну просто потрясающая поллитра...!!!С уважением, МиГ-31...."""
Novik,Re: Несколько замечаний:,2000-05-19 11:36:45,https://vif2ne.org/nvk/forum/archive/words/1001?text=,4.45K,"Приветствую.>Привет!>- Когда нет новых сообщений при выборе ""Показать тольк..."""
Митин Игорь,Ну так что? (+),2000-05-19 16:03:57,https://vif2ne.org/nvk/forum/archive/words/1027?text=,1.68K,"Неужели никто никаких предположений не выскажет? А?С уважением, Митин Игорь...."""
tevolga,Re: Несколько замечаний:,2000-05-19 16:05:51,https://vif2ne.org/nvk/forum/archive/words/1002?text=,2.42K,">>- Тело сообщения теряеться под шапкой и темой. Лучше всего шапка сделана на старом ВИФе, по моему. Кстати, шр..."""
tevolga,И у мен,2000-05-19 16:08:21,https://vif2ne.org/nvk/forum/archive/words/1011?text=,1.77K,">- Сделать опцию на показ кнопок вверху графикой или текстомПолностью согласен. Текст необхо..."""
Novik,Re: Несколько замечаний:,2000-05-19 16:12:22,https://vif2ne.org/nvk/forum/archive/words/1003?text=,2.06K,"Приветствую.>Я бы заголовок сообщения в левом окне выделял цветом.Это в дереве что-ли? Т..."""
tevolga,Re: Несколько замечаний:,2000-05-19 16:15:03,https://vif2ne.org/nvk/forum/archive/words/1004?text=,2.04K,">Приветствую.>>Я бы заголовок сообщения в левом окне выделял цветом.>>Э..."""
Novik,Re: Несколько замечаний:,2000-05-19 16:42:02,https://vif2ne.org/nvk/forum/archive/words/1005?text=,1.97K,"Приветствую.>>Приветствую.>>>>Я бы заголовок сообщения в левом окне выделял цветом.>>>>Это ..."""
S.Chaban,Re: Несколько замечаний:,2000-05-19 18:20:04,https://vif2ne.org/nvk/forum/archive/words/1006?text=,3.83K,"Привет!Спасибо за ответ>>- Тело сообщения теряеться под шапкой и темой. Лучше всего шапка сделана н..."""
Novik,Re: Несколько замечаний:,2000-05-19 18:53:08,https://vif2ne.org/nvk/forum/archive/words/1007?text=,3.29K,"Приветствую.>Привет!>Дело в том что шрифт уж очень большой и даже маленький заголовок сьедает 3 строки...."""
S.Chaban,Re: Несколько замечаний:,2000-05-19 19:15:35,https://vif2ne.org/nvk/forum/archive/words/1008?text=,3.13K,"Привет!>>>>- Сделать опцию на показ кнопок вверху графикой или текстом>>>Неважно, мне главное ч..."""
Дилетант,Новику по оформлению...,2000-05-19 21:51:14,https://vif2ne.org/nvk/forum/archive/words/1015?text=,2.51K,"Новик, может все-таки не подчеркивать название каждого сообщения......"""
Novik,Re: Новику по оформлению...,2000-05-19 22:13:34,https://vif2ne.org/nvk/forum/archive/words/1016?text=,2.46K,"Приветствую.>Новик, может все-таки не подчеркивать название каждого сообщения...Ничего не понима..."""
Novik,Re: Несколько замечаний:,2000-05-19 22:15:45,https://vif2ne.org/nvk/forum/archive/words/1009?text=,1.93K,"Приветствую.>Понял. Я еще не слишком надоел? :) Тогда предлагаю вариант проверки ОС браузера. Не думаю ..."""
Дилетант,Re: Новику по оформлению...,2000-05-19 22:18:54,https://vif2ne.org/nvk/forum/archive/words/1017?text=,2.67K,">Приветствую.>>Новик, может все-таки не подчеркивать название каждого сообщения..."
Novik,Re: Новику по оформлению...,2000-05-19 22:22:02,https://vif2ne.org/nvk/forum/archive/words/1018?text=,2.23K,">Понял. Дам класс, чтобы не подчеркивалось... Вот для примера Да я не про то... Как сделать ..."""
Дилетант,Re: Новику по оформлению...,2000-05-19 22:30:23,https://vif2ne.org/nvk/forum/archive/words/1019?text=,2.34K,">>Да я не про то... Как сделать то я знаю. Но боюсь, народ не поймет - везде по жизни они подчеркиваютс..."""
МиГ-31,Re: Несколько замечаний:,2000-05-20 02:36:35,https://vif2ne.org/nvk/forum/archive/words/1010?text=,1.69K,">Куда? В порно.ру :-)С уважением, МиГ-31...."""
МиГ-31,Re: oпытнaя эксплуaтaци,2000-05-21 05:32:09,https://vif2ne.org/nvk/forum/archive/words/1012?text=,1.78K,">Приветствую.>И еще некоторое время такой будет - по крайней мере, недели 2-3. Да и архивы я пока не сделал..."""
tevolga,Технический вопрос,2000-05-22 15:44:05,https://vif2ne.org/nvk/forum/archive/words/1013?text=,1.90K,"А что за цифры в атрибутах послания в скобках? Одна похоже объем, а вторая?Нет ли смысла еще указывать сколько посланий в ни..."""
Novik,Re: А другая - количество прочтений.,2000-05-22 18:27:06,https://vif2ne.org/nvk/forum/archive/words/1014?text=,1.83K,"Приветствую.>А что за цифры в атрибутах послания в скобках? Одна похоже объем, а вторая?>Нет ли смысла ..."""
Novik,Re: Сделал (-),2000-05-22 18:28:20,https://vif2ne.org/nvk/forum/archive/words/1020?text=,1.66K,"..."""
Siberiаn,Гыгыгы - палитра надо сказать военно-полевая!!!!!!!!!!!))))))))),2000-05-23 20:16:42,https://vif2ne.org/nvk/forum/archive/words/1102?text=,1.64K,"..."""
Дилетант,Re: Сделал,2000-05-23 22:10:53,https://vif2ne.org/nvk/forum/archive/words/1021?text=,1.60K,"Здорово.Теперь,то, что надо......."""
Капитан,А как насчет Пинской ВФ? (-),2000-05-24 11:07:40,https://vif2ne.org/nvk/forum/archive/words/1025?text=,1.63K,"Ю..."""
Partizan,Re: Одновременно попытка вставки картинки и вопрос.,2000-05-24 14:18:59,https://vif2ne.org/nvk/forum/archive/words/1028?text=,2.44K,">Вопрос всего один - что _ЭТО_ может быть такое? Найдено 2 таких девайса в разное время в разных (относительно)..."""
Следопыт,Re: Медельон!?!?,2000-05-24 14:37:19,https://vif2ne.org/nvk/forum/archive/words/1029?text=,1.88K,"Ну если честно, то помоему в одно время и в одном месте, но это принципиально ни чего не меняет. Тогда почему в ""умных книжках"" ..."""
Митин Игорь,"Да, вот и меня сомнения берут! (-)",2000-05-24 14:51:55,https://vif2ne.org/nvk/forum/archive/words/1030?text=,1.86K,">Ну если честно, то помоему в одно время и в одном месте, но это принципиально ни чего не меняет. Тогда почему ..."""
Х-55,Новику - об линке на форум.,2000-05-28 20:16:03,https://vif2ne.org/nvk/forum/archive/words/1031?text=,2.11K,"Простите за глупый вопрос, но я почему-то могу войти на форум только через:"
Максим,Форум,2000-05-29 02:15:50,https://vif2ne.org/nvk/forum/archive/words/1033?text=,2.13K,"Уважаемый Novic! Извините, что обращаюсь к Вам через форум, но ,к сожалению, ссылка ""вебмастер""  тут пока не установлена. Мне по..."""
Максим,Re:,2000-05-29 02:19:37,https://vif2ne.org/nvk/forum/archive/words/1034?text=,1.64K,"Мой мэйл katera@newmail.ru (при регистрации я его указал, но в форуме он не появился?)..."""
Novik,Re: Новику - об линке на форум.,2000-05-29 13:44:32,https://vif2ne.org/nvk/forum/archive/words/1032?text=,2.19K,"Приветствую.>Простите за глупый вопрос, но я почему-то могу войти на форум только через:>  "
Novik,Re: Форум,2000-05-29 17:12:08,https://vif2ne.org/nvk/forum/archive/words/1035?text=,1.85K,"Услал почтой, повторю здесь.Коротенько: это не скрипт. Это отдельный http сервер (exe) написанныйпод NT. Есть порт п..."""
Venik,"Новику, Алексу, и пр.",2000-10-06 01:27:20,https://vif2ne.org/nvk/forum/archive/words/1036?text=,2.23K,"Заглянул на КЛИН. Ну и что это за фигня? Где последние интернетовские технологии, где художественное оформление, и где создатель..."""
Novik,Re: ну я же говорил...,2000-10-06 12:41:32,https://vif2ne.org/nvk/forum/archive/words/1037?text=,1.78K,"Приветствую.Что оформление главной страницы - некондиционное. Единственной целью ее существования в данный момент является с..."""
Vadim~,Vopros po registratsii,2000-10-06 18:37:57,https://vif2ne.org/nvk/forum/archive/words/1041?text=,2.62K,"Yvazhaemij Novik,Ya tyt slegka opeshil, kogda vnezapnopo adresy www.vif2.ru popal vokno ""registratsiya""...."""
Vadim~,Dopolnenie,2000-10-06 18:46:41,https://vif2ne.org/nvk/forum/archive/words/1042?text=,1.98K,"Ne podskazhete li, kyda s'exal ""starij""vif2? (URL)?..."""
Novik,Re: Dopolnenie,2000-10-06 19:02:39,https://vif2ne.org/nvk/forum/archive/words/1043?text=,2.60K,"Приветствую.>Ne podskazhete li, kyda s'exal ""starij"">vif2? (URL)?Что значит ""старый""?"
Vadim~,Re: Dopolnenie,2000-10-06 19:24:43,https://vif2ne.org/nvk/forum/archive/words/1044?text=,3.19K,">Приветствую.>>Ne podskazhete li, kyda s'exal ""starij"">>vif2? (URL)?>>Что значит ""старый""?<..."""
Х-55,Новику - о цвете сообщений,2000-11-06 03:01:05,https://vif2ne.org/nvk/forum/archive/words/1038?text=,1.90K,"Уважаемый Новик!Сообщения, которые еще не прочитаны, но уже не новые, имеют какой-то грязно-зеленый цвет.Их трудно о..."""
Х-55,Новику - уже читаные сообщения теперь превратились в нечитаные...,2000-11-06 07:32:20,https://vif2ne.org/nvk/forum/archive/words/1039?text=,1.83K,"Или я что-то не так делаю?С уважением. Х-55...."""
cliver,Это уже лучше!,2000-12-06 12:36:32,https://vif2ne.org/nvk/forum/archive/words/1040?text=,1.56K,"..."""
Novik,Re: Dopolnenie,2000-12-06 13:45:21,https://vif2ne.org/nvk/forum/archive/words/1045?text=,2.37K,"Приветствую.>A eto znachit, chto do sego dnya ya vixodil na ""obichnij"" forym, ne ""testovoj"">po adresy w..."""
Alex Lee,И еще один вариант главной страницы,2000-12-06 15:55:43,https://vif2ne.org/nvk/forum/archive/words/1046?text=,1.82K,"По заявкам трудящихся - раскраска поярче...."""
Роман Алымов,"Это и есть новый форум, о котором столько говорили? (+)",2000-06-14 15:02:51,https://vif2ne.org/nvk/forum/archive/words/1047?text=,1.99K,"Мне кажется, старый интерфейс понятнее - там всё ""для дураков"" типа меня написано......."""
Novik,"Re: Типа в настройках, чисто в графе цветовая гамма... (+)",2000-06-14 15:16:36,https://vif2ne.org/nvk/forum/archive/words/1048?text=,1.84K,"Приветствую.>  Мне кажется, старый интерфейс понятнее - там всё ""для дураков"" типа меня написано...."
ARTHURM,Вопрос,2000-06-14 18:37:02,https://vif2ne.org/nvk/forum/archive/words/1049?text=,1.93K,"А что старый новый Форум-2 вообще закрывается?С уважением..."""
Novik,"Re: А Бог его знает. По идее, ето было бы логично (-)",2000-06-14 18:41:43,https://vif2ne.org/nvk/forum/archive/words/1050?text=,1.60K,"..."""
Александр Киян,Горнострелковая дивизи,2000-06-14 18:43:09,https://vif2ne.org/nvk/forum/archive/words/1055?text=,1.84K,"Коллеги !Не пожет ли кто поделится штатом гсд, действовавшим на начало ВОВ ?C уважением..."""
Валерий Мухин. Ведущий ВИФ-2.,Со Старостиным была договоренность о закрытии.,2000-06-14 18:44:50,https://vif2ne.org/nvk/forum/archive/words/1051?text=,1.71K,"..."""
Novik,"Народ! Не надо помещать свои сообщения в рубрику ""Мусор"".",2000-06-14 18:48:53,https://vif2ne.org/nvk/forum/archive/words/1052?text=,1.72K,"Показ данной рубрики у пользователей по умолчанию отключен...."""
Олег...,Все отлично работает (+)...,2000-06-14 19:01:20,https://vif2ne.org/nvk/forum/archive/words/1053?text=,1.80K,"А как со старым быть?Народ заблуждаться не начнет?..."""
Novik,Re: Собственно...,2000-06-14 19:06:01,https://vif2ne.org/nvk/forum/archive/words/1054?text=,1.80K,"Приветствую.>А как со старым быть?>Народ заблуждаться не начнет?Старостин и был одним из тех..."""
Максим Гераськин,"Кто прочитал ""Упущенный шанс Сталина"" М. Мельтюхова ?(+)",2000-06-14 19:11:34,https://vif2ne.org/nvk/forum/archive/words/1062?text=,2.48K,"Я как раз читаю, производит впечатление серъезного труда (конечно, для моей ""любительской"" квалификации).Интересно было бы у..."""
Глеб Бараев,Re: Горнострелковая дивизи,2000-06-14 19:51:02,https://vif2ne.org/nvk/forum/archive/words/1056?text=,2.00K,">Коллеги !>Не пожет ли кто поделится штатом гсд, действовавшим на начало ВОВ ?<..."""
А.Никольский,И посмотрим как ведущие работают -- оффтоп про Гус,2000-06-14 20:09:49,https://vif2ne.org/nvk/forum/archive/words/1115?text=,2.72K,"Как меня этот Гусь затрахал. Все новости гад сожрал. Все большие люди из-за этого отца родного сегодня всякой херней занимались,..."""
А.Никольский,"Re: Кто прочитал ""Упущенный шанс Сталина"" М. Мельтюхова ?(+)",2000-06-14 20:20:54,https://vif2ne.org/nvk/forum/archive/words/1063?text=,2.24K,">Я как раз читаю, производит впечатление серъезного труда (конечно, для моей ""любительской"" квалификации).>..."""
Игорь Куртуков,"Re: Кто прочитал ""Упущенный шанс Сталина"" М. Мельтюхова ?(+)",2000-06-14 21:03:53,https://vif2ne.org/nvk/forum/archive/words/1064?text=,2.04K,">Я как раз читаю, производит впечатление серъезного труда (конечно, для моей ""любительской"" квалификации).>..."""
Игорь Куртуков,Фак ит. Администрации форума.,2000-06-14 21:07:10,https://vif2ne.org/nvk/forum/archive/words/1057?text=,2.01K,"1. Зачем он спрашивает регистрацию на чтение? Чтобы уменьшить количество читающих?2. Не могу увидеть свой ответ на ""Кто ..."""
Игорь Куртуков,Re: Фак ит. Поправка,2000-06-14 21:09:59,https://vif2ne.org/nvk/forum/archive/words/1058?text=,1.82K,">2. Не могу увидеть свой ответ на ""Кто прочитал ..."". Говорит нет такой пейдж.Уже вижу...."""
Валерий Мухин. Ведущий ВИФ-2.,Хм!? Переместилось. Но сразу это не видно. :-(,2000-06-14 21:34:37,https://vif2ne.org/nvk/forum/archive/words/1117?text=,1.78K,"..."""
Mike,Новику кляуза с пожеланием,2000-06-14 21:55:41,https://vif2ne.org/nvk/forum/archive/words/1149?text=,2.60K,"Хотелось бы, чтобы дерево сообщений начиналось с возможности занесения нового сообщения. Ибо если вызывать только ""tree"", то неч..."""
Novik,Re: Не будет.,2000-06-14 22:19:57,https://vif2ne.org/nvk/forum/archive/words/1150?text=,2.51K,"Приветствую.>Хотелось бы, чтобы дерево сообщений начиналось с возможности занесения нового сообщения. Ибо е..."""
Novik,"Re: Однако, кеш, батенька :)",2000-06-14 22:23:32,https://vif2ne.org/nvk/forum/archive/words/1118?text=,1.78K,"Приветствую.Должны же сообщения хоть изредка кешироваться? Возможность ""перетаскивания"" из рубрики в рубрику предусмотрена н..."""
Novik,Re: Не бывает.,2000-06-14 22:33:13,https://vif2ne.org/nvk/forum/archive/words/1059?text=,2.00K,"Приветствую.>>2. Не могу увидеть свой ответ на ""Кто прочитал ..."". Говорит нет такой пейдж.>>Уже ви..."""
Mike,Re: Не будет.,2000-06-14 22:37:12,https://vif2ne.org/nvk/forum/archive/words/1151?text=,2.46K,">Приветствую.>>Хотелось бы, чтобы дерево сообщений начиналось с возможности занесения нового сообщения. Ибо..."""
Mike,Еще кляуза (перенос из курилки),2000-06-14 22:42:00,https://vif2ne.org/nvk/forum/archive/words/1060?text=,1.75K,"Почему форум, настроенный на основательный показ одного окна открываемые сообщения в этом же окне и открывает? Новое хочу!"
Novik,"Re: Mike, я especially for you",2000-06-14 22:44:49,https://vif2ne.org/nvk/forum/archive/words/1152?text=,2.19K,"сделал текстовый вариант - зайди в настройки. Если не нравится, рисуй собственный скин. Наличие командногофрейма обязательно..."""
Exeter,Осмотрел!,2000-06-14 22:55:13,https://vif2ne.org/nvk/forum/archive/words/1061?text=,1.55K,"..."""
Mike,"Re: Mike, я especially for you",2000-06-14 23:20:00,https://vif2ne.org/nvk/forum/archive/words/1153?text=,2.50K,">сделал текстовый вариант - зайди в настройки. Если не нравится, рисуй собственный скин. Наличие командного..."""
Илья Григоренко,"Ну-с, начнем? : )",2000-06-15 00:33:42,https://vif2ne.org/nvk/forum/archive/words/2309?text=,9.95K,"..."""
СОР,"Включил я НТВ, тьфу и выключил.",2000-06-15 00:34:15,https://vif2ne.org/nvk/forum/archive/words/1120?text=,2.50K,"..."""
Максим Гераськин,У меня такое ощущение(+),2000-06-15 01:26:04,https://vif2ne.org/nvk/forum/archive/words/1121?text=,2.20K,"что они сейчас специально с цепи сорвались. Малейший упрек породит обвинения в удушении гласности.Перл с НТВ, вопрос молодом..."""
Максим Гераськин,Спасибо(-),2000-06-15 01:31:37,https://vif2ne.org/nvk/forum/archive/words/1065?text=,1.57K,"-..."""
Следопыт,"Надо цвета с ""Курилкой"" разделить, а то...",2000-06-15 01:45:17,https://vif2ne.org/nvk/forum/archive/words/1079?text=,2.24K,"...сидишь как дурак и ждешь когда обновится... :-) и еще, не отпугнет ли ""Регистрация"" новых пользователей (я так понял на ВИФ т..."""
Валерий Мухин. Ведущий ВИФ-2.,А ведь все же морочат головы простым гражданам в Латруне тем самым Т-72!,2000-06-15 02:09:39,https://vif2ne.org/nvk/forum/archive/words/1066?text=,2.52K,"С моей гостевой книги.============18.05.2000, 19:08:16Женя[realist@internet-zahav.net]По результатам использован..."""
Lukin,Цитаты со старого ВИФ... Я плакаль...,2000-06-15 02:22:53,https://vif2ne.org/nvk/forum/archive/words/1082?text=,2.48K,"выдержка из дискуссии уважаемого В.Мухина с местным хип-хоповцем:""целый Мухин, такой ветеран и не видел такое по телеку, мне..."""
Кырпыш,Re: Цитаты со старого ВИФ... Я плакаль...,2000-06-15 02:26:18,https://vif2ne.org/nvk/forum/archive/words/1083?text=,2.22K,"Приветствие>выдержка из дискуссии уважаемого В.Мухина с местным хип-хоповцем:>""целый Мухин, такой ветер..."""
Кырпыш,Re: Цитаты со старого ВИФ... Я плакаль...,2000-06-15 02:32:15,https://vif2ne.org/nvk/forum/archive/words/1084?text=,2.39K,"Приветствие>выдержка из дискуссии уважаемого В.Мухина с местным хип-хоповцем:>""целый Мухин, такой ветер..."""
А.Никольский,Военно-исторический вопрос,2000-06-15 02:56:46,https://vif2ne.org/nvk/forum/archive/words/1067?text=,1.84K,"В каком месте немецкие фашисты пересекли канал им.Москвы кроме Яхромы? Или больше нигде?..."""
Владимир Несамарский,Настоящих буйных мало - вот и нету вожаков (+),2000-06-15 05:32:24,https://vif2ne.org/nvk/forum/archive/words/1122?text=,1.93K,"Пока находится достаточно мазохистов, готовых смотреть НТВ. ..."""
Владимир Несамарский,"Кенигсберг? Как же, помню... три дня пушками долбили...",2000-06-15 05:35:29,https://vif2ne.org/nvk/forum/archive/words/2310?text=,10.09K,"Кстати, Илья, Вы будете таки в Берлине в неделю 9-13 июля? А то могли бы встретиться, показали бы мне места боевой славы моих ро..."""
VS,Re: Военно-исторический вопрос,2000-06-15 05:48:11,https://vif2ne.org/nvk/forum/archive/words/1068?text=,1.73K,>В каком месте немецкие фашисты пересекли канал им.Москвы кроме Яхромы? Или больше нигде?--------
Владимир Несамарский,"Лукин - то ли у Вас в Коммерсанте трехнулись, то ли у меня (-)",2000-06-15 06:03:04,https://vif2ne.org/nvk/forum/archive/words/1070?text=,4.31K,"ум за разум зашел, но мне чудится, что полигон Капустин Яр - в Саратовской области. А?А вот что пишет Коммерсант (цитиру..."""
СОР,"Re: Лукин - то ли у Вас в Коммерсанте трехнулись, то ли у меня (-)",2000-06-15 06:10:11,https://vif2ne.org/nvk/forum/archive/words/1071?text=,2.02K,"Космодром Капустин Яр Космодром СССР. Расположен в районе села Капустин Яр в Астраханской области, в низовье Волгив точке с ..."""
VS,"Re: Лукин - то ли у Вас в Коммерсанте трехнулись, то ли у меня (-)",2000-06-15 07:23:29,https://vif2ne.org/nvk/forum/archive/words/1072?text=,1.99K,">Космодром Капустин Яр Космодром СССР. Расположен в районе села Капустин Яр в Астраханской области, в низовье В..."""
Макс,Минные постановки,2000-06-15 07:43:16,https://vif2ne.org/nvk/forum/archive/words/1096?text=,2.05K,"Здравствуйте!Не подскажет ли многоуважаемый All:1. Что говорили флотские уставы в 1914-м и в 1941-м годах о минных поста..."""
Lukin,НСН криво излагает. Вот полный текст,2000-06-15 08:04:29,https://vif2ne.org/nvk/forum/archive/words/1073?text=,2.97K,"Сегодняшняя газета ЦИТАТАДоговорившись о Байконуре, Россия начала переговоры об аренде других военных полигонов - ра..."""
VS,Re: НСН криво излагает. Вот полный текст,2000-06-15 09:08:36,https://vif2ne.org/nvk/forum/archive/words/1074?text=,2.38K,">Ну то есть с Астрахани взлетают, а обломки ступеней падают над Казахстаном. -------Капъяр - воз..."""
Lukin,"См.постинг СОРа чуть повыше. Да пофигу, ступени-то далеко летят...",2000-06-15 09:11:12,https://vif2ne.org/nvk/forum/archive/words/1075?text=,1.79K,">>Ну то есть с Астрахани взлетают, а обломки ступеней падают над Казахстаном.>------->Капъяр - возле Во..."""
Афанасьев Олег,В связи с переездом - предложение Мухину,2000-06-15 10:02:06,https://vif2ne.org/nvk/forum/archive/words/1253?text=,2.89K,"Уважаемый В.Мухин!По скольку довольно часто в тех или иныхтемах WWII возникают вопросы по численности/составу/ТТХ, а дер..."""
Читатель,"Ну и где Все? И тест, заодно..",2000-06-15 10:49:23,https://vif2ne.org/nvk/forum/archive/words/1069?text=,2.05K,"Здравия желаю. Что-то я не пойму какой форум сейчас актуален? Что мне читать?Сегодня вроде как здесь всё так оптимис..."""
